-- phpMyAdmin SQL Dump
-- version 5.2.1
-- https://www.phpmyadmin.net/
--
-- Host: 127.0.0.1:3307
-- Generation Time: Jan 16, 2024 at 10:56 PM
-- Server version: 10.4.28-MariaDB
-- PHP Version: 8.2.4

SET SQL_MODE = "NO_AUTO_VALUE_ON_ZERO";
START TRANSACTION;
SET time_zone = "+00:00";


/*!40101 SET @OLD_CHARACTER_SET_CLIENT=@@CHARACTER_SET_CLIENT */;
/*!40101 SET @OLD_CHARACTER_SET_RESULTS=@@CHARACTER_SET_RESULTS */;
/*!40101 SET @OLD_COLLATION_CONNECTION=@@COLLATION_CONNECTION */;
/*!40101 SET NAMES utf8mb4 */;

--
-- Database: `kaef`
--

-- --------------------------------------------------------

--
-- Table structure for table `jadwal`
--

CREATE TABLE `jadwal` (
  `id_jadwal` int(11) NOT NULL,
  `id_pegawai` int(11) NOT NULL,
  `jam_awal` time NOT NULL,
  `jam_akhir` time NOT NULL,
  `tanggal` date NOT NULL,
  `status_deleted` tinyint(1) NOT NULL DEFAULT 0
) ENGINE=InnoDB DEFAULT CHARSET=utf8mb4 COLLATE=utf8mb4_general_ci;

--
-- Dumping data for table `jadwal`
--

INSERT INTO `jadwal` (`id_jadwal`, `id_pegawai`, `jam_awal`, `jam_akhir`, `tanggal`, `status_deleted`) VALUES
(1, 8, '06:30:00', '13:30:00', '2024-01-02', 0),
(2, 5, '06:30:00', '13:30:00', '2024-01-02', 0),
(3, 3, '06:30:00', '13:30:00', '2024-01-02', 0),
(4, 1, '09:00:00', '16:00:00', '2024-01-02', 0),
(5, 2, '09:00:00', '16:00:00', '2024-01-02', 0),
(6, 6, '09:00:00', '16:00:00', '2024-01-02', 0),
(7, 4, '13:30:00', '20:30:00', '2024-01-02', 0),
(8, 7, '13:30:00', '20:30:00', '2024-01-02', 0),
(9, 9, '13:30:00', '20:30:00', '2024-01-02', 0),
(10, 8, '06:30:00', '13:30:00', '2024-01-03', 0),
(12, 5, '06:30:00', '13:30:00', '2024-01-03', 0),
(13, 3, '06:30:00', '13:30:00', '2024-01-03', 0),
(14, 1, '09:00:00', '16:00:00', '2024-01-03', 0),
(15, 2, '09:00:00', '16:00:00', '2024-01-03', 0),
(16, 6, '09:00:00', '16:00:00', '2024-01-03', 0),
(17, 4, '13:30:00', '20:30:00', '2024-01-03', 0),
(18, 7, '13:30:00', '20:30:00', '2024-01-03', 0),
(19, 9, '13:30:00', '20:30:00', '2024-01-03', 0),
(20, 3, '06:30:00', '13:30:00', '2024-01-03', 1),
(21, 8, '06:30:00', '13:30:00', '2024-01-04', 0),
(22, 9, '06:30:00', '13:30:00', '2024-01-04', 0),
(23, 3, '06:30:00', '13:30:00', '2024-01-04', 0),
(24, 1, '09:00:00', '16:00:00', '2024-01-04', 0),
(25, 2, '09:00:00', '16:00:00', '2024-01-04', 0),
(26, 6, '09:00:00', '16:00:00', '2024-01-04', 0),
(27, 5, '13:30:00', '20:30:00', '2024-01-04', 0),
(28, 4, '13:30:00', '20:30:00', '2024-01-04', 0),
(29, 7, '13:30:00', '20:30:00', '2024-01-04', 0),
(30, 1, '09:00:00', '16:00:00', '2024-01-05', 0),
(31, 2, '09:00:00', '16:00:00', '2024-01-05', 0),
(32, 3, '13:30:00', '20:30:00', '2024-01-05', 0),
(33, 4, '06:30:00', '13:30:00', '2024-01-05', 0),
(34, 5, '13:30:00', '20:30:00', '2024-01-05', 0),
(35, 6, '09:00:00', '16:00:00', '2024-01-05', 0),
(36, 7, '06:30:00', '13:30:00', '2024-01-05', 0),
(37, 8, '13:30:00', '20:30:00', '2024-01-05', 0),
(38, 9, '06:30:00', '13:30:00', '2024-01-05', 0),
(39, 1, '09:00:00', '16:00:00', '2024-01-06', 0),
(40, 2, '09:00:00', '16:00:00', '2024-01-06', 0),
(41, 3, '13:30:00', '20:30:00', '2024-01-06', 0),
(42, 4, '06:30:00', '13:30:00', '2024-01-06', 0),
(43, 5, '06:30:00', '13:30:00', '2024-01-06', 1),
(44, 6, '09:00:00', '16:00:00', '2024-01-06', 0),
(45, 5, '09:00:00', '16:00:00', '2024-01-06', 0),
(46, 7, '06:30:00', '13:30:00', '2024-01-06', 0),
(47, 8, '13:30:00', '20:30:00', '2024-01-06', 0),
(48, 9, '13:30:00', '20:30:00', '2024-01-06', 0),
(49, 1, '09:00:00', '16:00:00', '2024-01-08', 0),
(50, 2, '09:00:00', '16:00:00', '2024-01-08', 0),
(51, 3, '13:30:00', '20:30:00', '2024-01-08', 0),
(52, 4, '06:30:00', '13:30:00', '2024-01-08', 0),
(53, 5, '06:30:00', '13:30:00', '2024-01-08', 0),
(54, 6, '09:00:00', '16:00:00', '2024-01-08', 0),
(55, 7, '06:30:00', '13:30:00', '2024-01-08', 0),
(56, 8, '13:30:00', '20:30:00', '2024-01-08', 0),
(57, 9, '13:30:00', '20:30:00', '2024-01-08', 0),
(58, 1, '09:00:00', '16:00:00', '2024-01-09', 0),
(59, 2, '09:00:00', '16:00:00', '2024-01-09', 0),
(60, 3, '13:30:00', '20:30:00', '2024-01-09', 0),
(61, 4, '06:30:00', '13:30:00', '2024-01-09', 0),
(62, 5, '06:30:00', '13:30:00', '2024-01-09', 0),
(63, 6, '09:00:00', '16:00:00', '2024-01-09', 0),
(64, 7, '13:30:00', '20:30:00', '2024-01-09', 0),
(65, 8, '06:30:00', '13:30:00', '2024-01-09', 0),
(66, 9, '13:30:00', '20:30:00', '2024-01-09', 0),
(67, 1, '09:00:00', '16:00:00', '2024-01-10', 0),
(68, 2, '09:00:00', '16:00:00', '2024-01-10', 0),
(69, 3, '13:30:00', '20:30:00', '2024-01-10', 0),
(70, 4, '06:30:00', '13:30:00', '2024-01-10', 0),
(71, 5, '06:30:00', '13:30:00', '2024-01-10', 0),
(72, 6, '09:00:00', '16:00:00', '2024-01-10', 0),
(73, 7, '13:30:00', '20:30:00', '2024-01-10', 0),
(74, 8, '06:30:00', '13:30:00', '2024-01-10', 0),
(75, 9, '13:30:00', '20:30:00', '2024-01-10', 0),
(76, 1, '09:00:00', '16:00:00', '2024-01-11', 0),
(77, 2, '09:00:00', '16:00:00', '2024-01-11', 0),
(78, 3, '13:30:00', '20:30:00', '2024-01-11', 0),
(79, 4, '06:30:00', '13:30:00', '2024-01-11', 0),
(80, 5, '13:30:00', '20:30:00', '2024-01-11', 0),
(81, 6, '09:00:00', '16:00:00', '2024-01-11', 0),
(82, 7, '13:30:00', '20:30:00', '2024-01-11', 0),
(83, 8, '06:30:00', '13:30:00', '2024-01-11', 0),
(84, 9, '06:30:00', '13:30:00', '2024-01-11', 0),
(85, 1, '09:00:00', '16:00:00', '2024-01-12', 0),
(86, 2, '09:00:00', '16:00:00', '2024-01-12', 0),
(87, 3, '06:30:00', '13:30:00', '2024-01-12', 0),
(88, 4, '06:30:00', '13:30:00', '2024-01-12', 0),
(89, 5, '13:30:00', '20:30:00', '2024-01-12', 0),
(90, 6, '09:00:00', '16:00:00', '2024-01-12', 0),
(91, 7, '06:30:00', '13:30:00', '2024-01-12', 0),
(92, 8, '13:30:00', '20:30:00', '2024-01-12', 0),
(93, 9, '06:30:00', '13:30:00', '2024-01-12', 0),
(94, 1, '09:00:00', '16:00:00', '2024-01-13', 0),
(95, 2, '09:00:00', '16:00:00', '2024-01-13', 0),
(96, 3, '06:30:00', '13:30:00', '2024-01-13', 0),
(97, 4, '13:30:00', '20:30:00', '2024-01-13', 0),
(98, 5, '06:30:00', '13:30:00', '2024-01-13', 0),
(99, 6, '09:00:00', '16:00:00', '2024-01-13', 0),
(100, 7, '06:30:00', '13:30:00', '2024-01-13', 0),
(101, 8, '13:30:00', '20:30:00', '2024-01-13', 0),
(102, 9, '13:30:00', '20:30:00', '2024-01-13', 0),
(103, 1, '09:00:00', '16:00:00', '2024-01-15', 0),
(104, 2, '09:00:00', '16:00:00', '2024-01-15', 0),
(105, 3, '06:30:00', '13:30:00', '2024-01-15', 0),
(106, 4, '13:30:00', '20:30:00', '2024-01-15', 0),
(107, 5, '06:30:00', '13:30:00', '2024-01-15', 0),
(108, 6, '09:00:00', '16:00:00', '2024-01-15', 0),
(109, 7, '06:30:00', '13:30:00', '2024-01-15', 0),
(110, 8, '13:30:00', '20:30:00', '2024-01-15', 0),
(111, 9, '09:00:00', '16:00:00', '2024-01-15', 0),
(112, 1, '09:00:00', '16:00:00', '2024-01-16', 0),
(113, 2, '09:00:00', '16:00:00', '2024-01-16', 0),
(114, 3, '06:30:00', '13:30:00', '2024-01-16', 0),
(115, 4, '13:30:00', '20:30:00', '2024-01-16', 0),
(116, 5, '13:30:00', '20:30:00', '2024-01-16', 0),
(117, 6, '09:00:00', '16:00:00', '2024-01-16', 0),
(118, 7, '13:30:00', '20:30:00', '2024-01-16', 0),
(119, 8, '06:30:00', '13:30:00', '2024-01-16', 0),
(120, 9, '06:30:00', '13:30:00', '2024-01-16', 0),
(121, 1, '13:30:00', '20:30:00', '2024-01-17', 0),
(122, 2, '13:30:00', '20:30:00', '2024-01-17', 0),
(123, 3, '06:30:00', '13:30:00', '2024-01-17', 0),
(124, 4, '13:30:00', '20:30:00', '2024-01-17', 0),
(125, 5, '13:30:00', '20:30:00', '2024-01-17', 0),
(126, 6, '09:00:00', '16:00:00', '2024-01-17', 0),
(127, 7, '13:30:00', '20:30:00', '2024-01-17', 0),
(128, 8, '06:30:00', '13:30:00', '2024-01-17', 0),
(129, 9, '06:30:00', '13:30:00', '2024-01-17', 0),
(130, 1, '09:00:00', '16:00:00', '2024-01-18', 0),
(131, 2, '09:00:00', '16:00:00', '2024-01-18', 0),
(132, 3, '06:30:00', '13:30:00', '2024-01-18', 0),
(133, 4, '13:30:00', '20:30:00', '2024-01-18', 0),
(134, 5, '06:30:00', '13:30:00', '2024-01-18', 0),
(135, 6, '09:00:00', '16:00:00', '2024-01-18', 0),
(136, 7, '13:30:00', '20:30:00', '2024-01-18', 0),
(137, 8, '06:30:00', '13:30:00', '2024-01-18', 0),
(138, 9, '13:30:00', '20:30:00', '2024-01-18', 0),
(139, 1, '09:00:00', '16:00:00', '2024-01-19', 0),
(140, 2, '09:00:00', '16:00:00', '2024-01-19', 0),
(141, 3, '13:30:00', '20:30:00', '2024-01-19', 0),
(142, 4, '06:30:00', '13:30:00', '2024-01-19', 0),
(143, 5, '06:30:00', '13:30:00', '2024-01-19', 0),
(144, 6, '09:00:00', '16:00:00', '2024-01-19', 0),
(145, 7, '06:30:00', '13:30:00', '2024-01-19', 0),
(146, 8, '13:30:00', '20:30:00', '2024-01-19', 0),
(147, 1, '13:30:00', '20:30:00', '2024-01-19', 0),
(148, 1, '09:00:00', '16:00:00', '2024-01-20', 0),
(149, 2, '09:00:00', '16:00:00', '2024-01-20', 0),
(150, 3, '13:30:00', '20:30:00', '2024-01-20', 0),
(151, 4, '06:30:00', '13:30:00', '2024-01-20', 0),
(152, 5, '13:30:00', '20:30:00', '2024-01-20', 0),
(153, 6, '09:00:00', '16:00:00', '2024-01-20', 0),
(154, 7, '06:30:00', '13:30:00', '2024-01-20', 0),
(155, 8, '13:30:00', '20:30:00', '2024-01-20', 0),
(156, 9, '06:30:00', '13:30:00', '2024-01-20', 0),
(157, 1, '09:00:00', '16:00:00', '2024-01-22', 0),
(158, 2, '09:00:00', '16:00:00', '2024-01-22', 0),
(159, 3, '13:30:00', '20:30:00', '2024-01-22', 0),
(160, 4, '06:30:00', '13:30:00', '2024-01-22', 0),
(161, 5, '13:30:00', '20:30:00', '2024-01-22', 0),
(162, 6, '09:00:00', '16:00:00', '2024-01-22', 0),
(163, 7, '06:30:00', '13:30:00', '2024-01-22', 0),
(164, 8, '13:30:00', '20:30:00', '2024-01-22', 0),
(165, 9, '06:30:00', '13:30:00', '2024-01-22', 0),
(166, 1, '09:00:00', '16:00:00', '2024-01-23', 0),
(167, 2, '09:00:00', '16:00:00', '2024-01-23', 0),
(168, 3, '13:30:00', '20:30:00', '2024-01-23', 0),
(169, 4, '06:30:00', '13:30:00', '2024-01-23', 0),
(170, 5, '06:30:00', '13:30:00', '2024-01-23', 0),
(171, 6, '09:00:00', '16:00:00', '2024-01-23', 0),
(172, 7, '06:30:00', '13:30:00', '2024-01-23', 0),
(173, 8, '13:30:00', '20:30:00', '2024-01-23', 0),
(174, 9, '13:30:00', '20:30:00', '2024-01-23', 0),
(175, 1, '09:00:00', '16:00:00', '2024-01-24', 0),
(176, 2, '09:00:00', '16:00:00', '2024-01-24', 0),
(177, 3, '13:30:00', '20:30:00', '2024-01-24', 0),
(178, 4, '06:30:00', '13:30:00', '2024-01-24', 0),
(179, 5, '06:30:00', '13:30:00', '2024-01-24', 0),
(180, 6, '09:00:00', '16:00:00', '2024-01-24', 0),
(181, 7, '06:30:00', '13:30:00', '2024-01-24', 0),
(182, 8, '13:30:00', '20:30:00', '2024-01-24', 0),
(183, 9, '13:30:00', '20:30:00', '2024-01-24', 0),
(184, 1, '09:00:00', '16:00:00', '2024-01-25', 0),
(185, 2, '09:00:00', '16:00:00', '2024-01-25', 0),
(186, 3, '13:30:00', '20:30:00', '2024-01-25', 0),
(187, 4, '06:30:00', '13:30:00', '2024-01-25', 0),
(188, 5, '13:30:00', '20:30:00', '2024-01-25', 0),
(189, 6, '09:00:00', '16:00:00', '2024-01-25', 0),
(190, 7, '06:30:00', '13:30:00', '2024-01-25', 0),
(191, 8, '13:30:00', '20:30:00', '2024-01-25', 0),
(192, 9, '06:30:00', '13:30:00', '2024-01-25', 0),
(193, 1, '09:00:00', '16:00:00', '2024-01-26', 0),
(194, 2, '09:00:00', '16:00:00', '2024-01-26', 0),
(195, 3, '06:30:00', '13:30:00', '2024-01-26', 0),
(196, 4, '13:30:00', '20:30:00', '2024-01-26', 0),
(197, 5, '13:30:00', '20:30:00', '2024-01-26', 0),
(198, 6, '09:00:00', '16:00:00', '2024-01-26', 0),
(199, 7, '13:30:00', '20:30:00', '2024-01-26', 0),
(200, 8, '06:30:00', '13:30:00', '2024-01-26', 0),
(201, 9, '06:30:00', '13:30:00', '2024-01-26', 0),
(202, 1, '09:00:00', '16:00:00', '2024-01-27', 0),
(203, 2, '06:30:00', '13:30:00', '2024-01-27', 0),
(204, 3, '06:30:00', '13:30:00', '2024-01-27', 0),
(205, 4, '13:30:00', '20:30:00', '2024-01-27', 0),
(206, 5, '06:30:00', '13:30:00', '2024-01-27', 0),
(207, 6, '09:00:00', '16:00:00', '2024-01-27', 0),
(208, 7, '13:30:00', '20:30:00', '2024-01-27', 0),
(209, 8, '06:30:00', '13:30:00', '2024-01-27', 0),
(210, 9, '13:30:00', '20:30:00', '2024-01-27', 0),
(211, 1, '09:00:00', '16:00:00', '2024-01-29', 0),
(212, 2, '09:00:00', '16:00:00', '2024-01-29', 0),
(213, 2, '09:00:00', '16:00:00', '2024-01-29', 0),
(214, 3, '06:30:00', '13:30:00', '2024-01-29', 0),
(215, 4, '13:30:00', '20:30:00', '2024-01-29', 0),
(216, 5, '06:30:00', '13:30:00', '2024-01-29', 0),
(217, 6, '09:00:00', '16:00:00', '2024-01-29', 0),
(218, 7, '13:30:00', '20:30:00', '2024-01-29', 0),
(219, 8, '06:30:00', '13:30:00', '2024-01-29', 0),
(220, 9, '13:30:00', '20:30:00', '2024-01-29', 0),
(221, 1, '09:00:00', '16:00:00', '2024-01-30', 0),
(222, 2, '09:00:00', '16:00:00', '2024-01-30', 0),
(223, 3, '13:30:00', '20:30:00', '2024-01-30', 0),
(224, 4, '06:30:00', '13:30:00', '2024-01-30', 0),
(225, 5, '13:30:00', '20:30:00', '2024-01-30', 0),
(226, 6, '09:00:00', '16:00:00', '2024-01-30', 0),
(227, 7, '06:30:00', '13:30:00', '2024-01-30', 0),
(228, 8, '13:30:00', '20:30:00', '2024-01-30', 0),
(229, 9, '06:30:00', '13:30:00', '2024-01-30', 0),
(230, 1, '09:00:00', '16:00:00', '2024-01-31', 0),
(231, 2, '09:00:00', '16:00:00', '2024-01-31', 0),
(232, 3, '13:30:00', '20:30:00', '2024-01-31', 0),
(233, 4, '06:30:00', '13:30:00', '2024-01-31', 0),
(234, 5, '13:30:00', '20:30:00', '2024-01-31', 0),
(235, 6, '09:00:00', '16:00:00', '2024-01-31', 0),
(236, 7, '06:30:00', '13:30:00', '2024-01-31', 0),
(237, 8, '13:30:00', '20:30:00', '2024-01-31', 0),
(238, 9, '06:30:00', '13:30:00', '2024-01-31', 0),
(239, 9, '06:30:00', '13:30:00', '2024-01-31', 0);

-- --------------------------------------------------------

--
-- Table structure for table `jadwal_history`
--

CREATE TABLE `jadwal_history` (
  `id_history` int(11) NOT NULL,
  `id_jadwal` int(11) NOT NULL,
  `id_user` int(11) NOT NULL,
  `created_date` datetime NOT NULL DEFAULT current_timestamp()
) ENGINE=InnoDB DEFAULT CHARSET=utf8mb4 COLLATE=utf8mb4_general_ci;

-- --------------------------------------------------------

--
-- Table structure for table `jam`
--

CREATE TABLE `jam` (
  `id_jam` int(11) NOT NULL,
  `jam` varchar(30) NOT NULL,
  `mulai` varchar(30) NOT NULL,
  `akhir` varchar(30) NOT NULL
) ENGINE=InnoDB DEFAULT CHARSET=utf8mb4 COLLATE=utf8mb4_general_ci;

--
-- Dumping data for table `jam`
--

INSERT INTO `jam` (`id_jam`, `jam`, `mulai`, `akhir`) VALUES
(1, 'Pagi', '06:30', '13:30'),
(2, 'Siang', '13:30', '20:30'),
(3, 'Middle', '09:00', '16:00');

-- --------------------------------------------------------

--
-- Table structure for table `pegawai`
--

CREATE TABLE `pegawai` (
  `id_pegawai` int(11) NOT NULL,
  `nama` varchar(30) NOT NULL,
  `alamat` varchar(200) NOT NULL,
  `jenis_kelamin` enum('Laki-laki','Perempuan') NOT NULL,
  `status_deleted` tinyint(1) NOT NULL DEFAULT 0
) ENGINE=InnoDB DEFAULT CHARSET=utf8mb4 COLLATE=utf8mb4_general_ci;

--
-- Dumping data for table `pegawai`
--

INSERT INTO `pegawai` (`id_pegawai`, `nama`, `alamat`, `jenis_kelamin`, `status_deleted`) VALUES
(1, 'Az Zumar Nurwahid', 'Karawang', 'Laki-laki', 0),
(2, 'Ashri Lestari', 'Karawang', 'Perempuan', 0),
(3, 'Rulli Septiani', 'Karawang', 'Perempuan', 0),
(4, 'Iim Rohimah', 'Karawang', 'Perempuan', 0),
(5, 'Winda', 'Karawang', 'Perempuan', 0),
(6, 'AGUSTINA', 'Karawang', 'Laki-laki', 0),
(7, 'NOVARIANY', 'Karawang', 'Perempuan', 0),
(8, 'AGUNG BUDAYANA', 'Karawang', 'Laki-laki', 0),
(9, 'AYU ASSYIFA', 'Karawang', 'Perempuan', 0);

-- --------------------------------------------------------

--
-- Table structure for table `user`
--

CREATE TABLE `user` (
  `id_user` int(11) NOT NULL,
  `id_pegawai` int(11) NOT NULL,
  `username` varchar(150) NOT NULL,
  `password` varchar(150) NOT NULL,
  `role` enum('user','admin','admin_super') NOT NULL DEFAULT 'user',
  `status_deleted` tinyint(1) NOT NULL DEFAULT 0
) ENGINE=InnoDB DEFAULT CHARSET=utf8mb4 COLLATE=utf8mb4_general_ci;

--
-- Dumping data for table `user`
--

INSERT INTO `user` (`id_user`, `id_pegawai`, `username`, `password`, `role`, `status_deleted`) VALUES
(1, 1, 'zumar', '1234', 'user', 0);

--
-- Indexes for dumped tables
--

--
-- Indexes for table `jadwal`
--
ALTER TABLE `jadwal`
  ADD PRIMARY KEY (`id_jadwal`),
  ADD KEY `id_pegawai` (`id_pegawai`);

--
-- Indexes for table `jadwal_history`
--
ALTER TABLE `jadwal_history`
  ADD PRIMARY KEY (`id_history`),
  ADD KEY `id_jadwal` (`id_jadwal`);

--
-- Indexes for table `jam`
--
ALTER TABLE `jam`
  ADD PRIMARY KEY (`id_jam`);

--
-- Indexes for table `pegawai`
--
ALTER TABLE `pegawai`
  ADD PRIMARY KEY (`id_pegawai`);

--
-- Indexes for table `user`
--
ALTER TABLE `user`
  ADD PRIMARY KEY (`id_user`),
  ADD KEY `id_pegawai` (`id_pegawai`);

--
-- AUTO_INCREMENT for dumped tables
--

--
-- AUTO_INCREMENT for table `jadwal`
--
ALTER TABLE `jadwal`
  MODIFY `id_jadwal` int(11) NOT NULL AUTO_INCREMENT, AUTO_INCREMENT=240;

--
-- AUTO_INCREMENT for table `jadwal_history`
--
ALTER TABLE `jadwal_history`
  MODIFY `id_history` int(11) NOT NULL AUTO_INCREMENT;

--
-- AUTO_INCREMENT for table `jam`
--
ALTER TABLE `jam`
  MODIFY `id_jam` int(11) NOT NULL AUTO_INCREMENT, AUTO_INCREMENT=4;

--
-- AUTO_INCREMENT for table `pegawai`
--
ALTER TABLE `pegawai`
  MODIFY `id_pegawai` int(11) NOT NULL AUTO_INCREMENT, AUTO_INCREMENT=19;

--
-- AUTO_INCREMENT for table `user`
--
ALTER TABLE `user`
  MODIFY `id_user` int(11) NOT NULL AUTO_INCREMENT, AUTO_INCREMENT=2;

--
-- Constraints for dumped tables
--

--
-- Constraints for table `jadwal`
--
ALTER TABLE `jadwal`
  ADD CONSTRAINT `jadwal_ibfk_1` FOREIGN KEY (`id_pegawai`) REFERENCES `pegawai` (`id_pegawai`);

--
-- Constraints for table `jadwal_history`
--
ALTER TABLE `jadwal_history`
  ADD CONSTRAINT `jadwal_history_ibfk_1` FOREIGN KEY (`id_jadwal`) REFERENCES `jadwal` (`id_jadwal`);

--
-- Constraints for table `user`
--
ALTER TABLE `user`
  ADD CONSTRAINT `user_ibfk_1` FOREIGN KEY (`id_pegawai`) REFERENCES `pegawai` (`id_pegawai`);
COMMIT;

/*!40101 SET CHARACTER_SET_CLIENT=@OLD_CHARACTER_SET_CLIENT */;
/*!40101 SET CHARACTER_SET_RESULTS=@OLD_CHARACTER_SET_RESULTS */;
/*!40101 SET COLLATION_CONNECTION=@OLD_COLLATION_CONNECTION */;
